{
  "validation": {
    "Hawkes Process": {
      "RMSE": 2064.960553612101,
      "MAE": 2064.9502644923373,
      "MAPE": 179606.46598649534,
      "R2": NaN,
      "Pearson_r": NaN,
      "n": 351.0,
      "note": "cross-scale: country-level scalar vs grid cell mean"
    },
    "CNN-LSTM (No Aug)": {
      "RMSE": 2.478071928024292,
      "MAE": 0.6331738233566284,
      "MAPE": 9.528417587280273,
      "R2": 0.8554863333702087,
      "Pearson_r": 0.9346224099793745,
      "n": 351.0
    },
    "CNN-LSTM + SOP": {
      "RMSE": 4.321572303771973,
      "MAE": 4.075003147125244,
      "MAPE": 351.22979736328125,
      "R2": 0.5604941248893738,
      "Pearson_r": 0.9369848184996865,
      "n": 351.0
    },
    "CNN-LSTM + Quantum": {
      "RMSE": 2.4598770141601562,
      "MAE": 1.976633071899414,
      "MAPE": 154.06243896484375,
      "R2": 0.8576006889343262,
      "Pearson_r": 0.9666054655963932,
      "n": 351.0
    },
    "NEST (No Aug)": {
      "RMSE": 2.5999765396118164,
      "MAE": 0.679950475692749,
      "MAPE": 12.342512130737305,
      "R2": 0.8409183621406555,
      "Pearson_r": 0.9286565672873326,
      "n": 351.0
    },
    "NEST + SOP": {
      "RMSE": 6.637131690979004,
      "MAE": 3.971795082092285,
      "MAPE": 262.42529296875,
      "R2": -0.03667342662811279,
      "Pearson_r": 0.8870410357449368,
      "n": 351.0
    }
  },
  "test": {
    "RMSE": 1.8325059413909912,
    "MAE": 1.667542576789856,
    "MAPE": 135.60238647460938,
    "R2": 0.49117016792297363,
    "Pearson_r": 0.8734600075538322,
    "n": 351.0
  },
  "best_method": "CNN-LSTM + Quantum",
  "sop_validation": {
    "k_function_mae": 205130.6418361014,
    "l_function_mae": 64.05213172921972,
    "wasserstein": 0.0
  },
  "quantum": {
    "qbm_fitted": false,
    "qgan_fitted": false,
    "n_synthetic": 60000
  },
  "dataset": {
    "n_events": 53415,
    "total_cases": 3933704,
    "n_countries": 8,
    "n_regions": 223,
    "grid_size": 32,
    "seq_len": 8,
    "forecast_horizon": 1,
    "n_train_seq": 351,
    "n_val_seq": 351,
    "n_test_seq": 351
  },
  "eda": {
    "VIET NAM": {
      "ZI": 0.31085206772134333,
      "OD": 695.2917976675195,
      "n": 10809,
      "morans_I": 0.11823362116290113,
      "morans_p": 0.0,
      "K": [
        40450.31453510494,
        116619.58457739918,
        232397.62308263945,
        387672.22390787123
      ],
      "L": [
        63.47129599933098,
        92.66854100665444,
        71.98246442154766,
        -148.71677883973518
      ],
      "interpretation": "CLUSTERED"
    },
    "THAILAND": {
      "ZI": 0.06034994068801898,
      "OD": 264.94610424099204,
      "n": 33720,
      "morans_I": 0.09183173749647618,
      "morans_p": 0.0,
      "K": [
        37299.288914718105,
        98099.93430352176,
        259272.1248244879,
        755520.9348590269
      ],
      "L": [
        58.96206867153471,
        76.70930627103755,
        87.27840250097518,
        -9.602423757571955
      ],
      "interpretation": "CLUSTERED"
    },
    "INDONESIA": {
      "ZI": 0.04600484261501211,
      "OD": 2066.05154350587,
      "n": 413,
      "morans_I": 0.5398970637708259,
      "morans_p": 9.325873406851315e-15,
      "K": [
        290518.32558869116,
        395767.3726852868,
        427496.8648247016,
        1294408.50127769
      ],
      "L": [
        254.09678583050123,
        254.93191932356763,
        168.88545428937437,
        141.89019521802368
      ],
      "interpretation": "CLUSTERED"
    },
    "MALAYSIA": {
      "ZI": 0.02109053497942387,
      "OD": 414.8309979115495,
      "n": 1944,
      "morans_I": 0.1902323244160727,
      "morans_p": 3.041708440676416e-09,
      "K": [
        109362.63984102027,
        134837.3863507798,
        344713.5435610091,
        777471.386462766
      ],
      "L": [
        136.57762309707468,
        107.17160303148819,
        131.248741608049,
        -2.5295701892252396
      ],
      "interpretation": "CLUSTERED"
    },
    "CAMBODIA": {
      "ZI": 0.2627717391304348,
      "OD": 331.27260667607567,
      "n": 3680,
      "morans_I": 0.19854667835332054,
      "morans_p": 0.0,
      "K": [
        11934.746642730963,
        29369.085223584774,
        90551.51875436447,
        189067.96376394134
      ],
      "L": [
        11.635605338798051,
        -3.3125128321077995,
        -30.22531511302651,
        -254.67938931532632
      ],
      "interpretation": "REGULAR"
    },
    "SINGAPORE": {
      "ZI": 0.0,
      "OD": 362.5945663420139,
      "n": 216,
      "morans_I": -0.01185024073204104,
      "morans_p": 0.9022132801460736,
      "K": [
        0.0,
        0.0,
        0.0,
        0.0
      ],
      "L": [
        -49.99999435810417,
        -99.99999435810416,
        -199.99999435810417,
        -499.9999943581042
      ],
      "interpretation": "REGULAR"
    }
  },
  "config": {
    "grid_size": 32,
    "seq_len": 8,
    "epochs": 25,
    "lstm_hidden": 128,
    "conv_channels": [
      32,
      64,
      128
    ],
    "nest_hidden": 64,
    "nest_temporal_hidden": 64,
    "torch_threads": 8
  },
  "timing": {
    "total_s": 374.0
  }
}